config_id,project_version,routing_strategy,scheduler,time_step_s,offered_load_factor,deadline_factor,backhaul_factor,minimum_elevation_deg,rf_efficiency_factor,total_items,delivered_count,failed_count,deadline_met_items,deadline_missed_items,deadline_satisfaction_rate,critical_deadline_satisfaction_rate,delivery_ratio,average_end_to_end_latency_s,maximum_end_to_end_latency_s,contact_capacity_bits,transferred_bits,contact_utilization,selected_gs_sapporo_count,selected_gs_seoul_count,selected_gs_tokyo_count,failure_no_contact_count,failure_insufficient_capacity_count,failure_deadline_infeasible_count,failure_outside_simulation_horizon_count
canonical-contact-plan-routing-v1.1,1.1.0,next-contact,edf,1.0,0.75,0.75,0.5,10.0,0.75,4,3,1,3,1,0.75,1.0,0.75,435.3712024072199,456.8763583731704,122726121.12361106,33600000.0,0.2737803467784802,2,0,1,0,1,0,0
canonical-contact-plan-routing-v1.1,1.1.0,earliest-arrival,edf,1.0,0.75,0.75,0.5,10.0,0.75,4,3,1,3,1,0.75,1.0,0.75,433.99091548872474,456.8763583731704,122726121.12361106,33600000.0,0.2737803467784802,1,0,2,0,1,0,0
canonical-contact-plan-routing-v1.1,1.1.0,deadline-aware,edf,1.0,0.75,0.75,0.5,10.0,0.75,4,3,1,3,1,0.75,1.0,0.75,433.99091548872474,456.8763583731704,122726121.12361106,33600000.0,0.2737803467784802,1,0,2,0,1,0,0
canonical-contact-plan-routing-v1.1,1.1.0,next-contact,edf,1.0,0.75,1.0,0.5,10.0,0.75,4,3,1,3,1,0.75,1.0,0.75,435.3712024072199,456.8763583731704,122726121.12361106,33600000.0,0.2737803467784802,2,0,1,0,1,0,0
canonical-contact-plan-routing-v1.1,1.1.0,earliest-arrival,edf,1.0,0.75,1.0,0.5,10.0,0.75,4,3,1,3,1,0.75,1.0,0.75,433.99091548872474,456.8763583731704,122726121.12361106,33600000.0,0.2737803467784802,1,0,2,0,1,0,0
canonical-contact-plan-routing-v1.1,1.1.0,deadline-aware,edf,1.0,0.75,1.0,0.5,10.0,0.75,4,3,1,3,1,0.75,1.0,0.75,433.99091548872474,456.8763583731704,122726121.12361106,33600000.0,0.2737803467784802,1,0,2,0,1,0,0
canonical-contact-plan-routing-v1.1,1.1.0,next-contact,edf,1.0,0.75,1.5,0.5,10.0,0.75,4,3,1,3,1,0.75,1.0,0.75,435.3712024072199,456.8763583731704,122726121.12361106,33600000.0,0.2737803467784802,2,0,1,0,1,0,0
canonical-contact-plan-routing-v1.1,1.1.0,earliest-arrival,edf,1.0,0.75,1.5,0.5,10.0,0.75,4,3,1,3,1,0.75,1.0,0.75,433.99091548872474,456.8763583731704,122726121.12361106,33600000.0,0.2737803467784802,1,0,2,0,1,0,0
canonical-contact-plan-routing-v1.1,1.1.0,deadline-aware,edf,1.0,0.75,1.5,0.5,10.0,0.75,4,3,1,3,1,0.75,1.0,0.75,433.99091548872474,456.8763583731704,122726121.12361106,33600000.0,0.2737803467784802,1,0,2,0,1,0,0
canonical-contact-plan-routing-v1.1,1.1.0,next-contact,edf,1.0,1.0,0.75,0.5,10.0,0.75,4,3,1,2,2,0.5,1.0,0.75,2366.22837872728,6154.558175353722,122726121.12361106,44800000.0,0.36504046237130694,1,1,1,0,1,0,0
canonical-contact-plan-routing-v1.1,1.1.0,earliest-arrival,edf,1.0,1.0,0.75,0.5,10.0,0.75,4,3,1,2,2,0.5,1.0,0.75,2366.22837872728,6154.558175353722,122726121.12361106,44800000.0,0.36504046237130694,1,1,1,0,1,0,0
canonical-contact-plan-routing-v1.1,1.1.0,deadline-aware,edf,1.0,1.0,0.75,0.5,10.0,0.75,4,2,2,2,2,0.5,1.0,0.5,472.0634804140591,494.55651302213823,122726121.12361106,28800000.0,0.23466886866726874,1,0,1,0,1,1,0
canonical-contact-plan-routing-v1.1,1.1.0,next-contact,edf,1.0,1.0,1.0,0.5,10.0,0.75,4,3,1,2,2,0.5,1.0,0.75,2366.22837872728,6154.558175353722,122726121.12361106,44800000.0,0.36504046237130694,1,1,1,0,1,0,0
canonical-contact-plan-routing-v1.1,1.1.0,earliest-arrival,edf,1.0,1.0,1.0,0.5,10.0,0.75,4,3,1,2,2,0.5,1.0,0.75,2366.22837872728,6154.558175353722,122726121.12361106,44800000.0,0.36504046237130694,1,1,1,0,1,0,0
canonical-contact-plan-routing-v1.1,1.1.0,deadline-aware,edf,1.0,1.0,1.0,0.5,10.0,0.75,4,2,2,2,2,0.5,1.0,0.5,472.0634804140591,494.55651302213823,122726121.12361106,28800000.0,0.23466886866726874,1,0,1,0,1,1,0
canonical-contact-plan-routing-v1.1,1.1.0,next-contact,edf,1.0,1.0,1.5,0.5,10.0,0.75,4,3,1,2,2,0.5,1.0,0.75,2366.22837872728,6154.558175353722,122726121.12361106,44800000.0,0.36504046237130694,1,1,1,0,1,0,0
canonical-contact-plan-routing-v1.1,1.1.0,earliest-arrival,edf,1.0,1.0,1.5,0.5,10.0,0.75,4,3,1,2,2,0.5,1.0,0.75,2366.22837872728,6154.558175353722,122726121.12361106,44800000.0,0.36504046237130694,1,1,1,0,1,0,0
canonical-contact-plan-routing-v1.1,1.1.0,deadline-aware,edf,1.0,1.0,1.5,0.5,10.0,0.75,4,2,2,2,2,0.5,1.0,0.5,472.0634804140591,494.55651302213823,122726121.12361106,28800000.0,0.23466886866726874,1,0,1,0,1,1,0
canonical-contact-plan-routing-v1.1,1.1.0,next-contact,edf,1.0,1.25,0.75,0.5,10.0,0.75,4,3,1,2,2,0.5,1.0,0.75,2421.876088803469,6202.830440572603,122726121.12361106,56000000.0,0.45630057796413365,1,1,1,0,1,0,0
canonical-contact-plan-routing-v1.1,1.1.0,earliest-arrival,edf,1.0,1.25,0.75,0.5,10.0,0.75,4,3,1,2,2,0.5,1.0,0.75,2421.876088803469,6202.830440572603,122726121.12361106,56000000.0,0.45630057796413365,1,1,1,0,1,0,0
canonical-contact-plan-routing-v1.1,1.1.0,deadline-aware,edf,1.0,1.25,0.75,0.5,10.0,0.75,4,2,2,2,2,0.5,1.0,0.5,531.3989129189022,544.6371093933263,122726121.12361106,36000000.0,0.29333608583408594,1,0,1,0,1,1,0
canonical-contact-plan-routing-v1.1,1.1.0,next-contact,edf,1.0,1.25,1.0,0.5,10.0,0.75,4,3,1,2,2,0.5,1.0,0.75,2421.876088803469,6202.830440572603,122726121.12361106,56000000.0,0.45630057796413365,1,1,1,0,1,0,0
canonical-contact-plan-routing-v1.1,1.1.0,earliest-arrival,edf,1.0,1.25,1.0,0.5,10.0,0.75,4,3,1,2,2,0.5,1.0,0.75,2421.876088803469,6202.830440572603,122726121.12361106,56000000.0,0.45630057796413365,1,1,1,0,1,0,0
canonical-contact-plan-routing-v1.1,1.1.0,deadline-aware,edf,1.0,1.25,1.0,0.5,10.0,0.75,4,2,2,2,2,0.5,1.0,0.5,531.3989129189022,544.6371093933263,122726121.12361106,36000000.0,0.29333608583408594,1,0,1,0,1,1,0
canonical-contact-plan-routing-v1.1,1.1.0,next-contact,edf,1.0,1.25,1.5,0.5,10.0,0.75,4,3,1,2,2,0.5,1.0,0.75,2421.876088803469,6202.830440572603,122726121.12361106,56000000.0,0.45630057796413365,1,1,1,0,1,0,0
canonical-contact-plan-routing-v1.1,1.1.0,earliest-arrival,edf,1.0,1.25,1.5,0.5,10.0,0.75,4,3,1,2,2,0.5,1.0,0.75,2421.876088803469,6202.830440572603,122726121.12361106,56000000.0,0.45630057796413365,1,1,1,0,1,0,0
canonical-contact-plan-routing-v1.1,1.1.0,deadline-aware,edf,1.0,1.25,1.5,0.5,10.0,0.75,4,2,2,2,2,0.5,1.0,0.5,531.3989129189022,544.6371093933263,122726121.12361106,36000000.0,0.29333608583408594,1,0,1,0,1,1,0
canonical-contact-plan-routing-v1.1,1.1.0,next-contact,edf,1.0,0.75,0.75,1.5,10.0,0.75,4,3,1,3,1,0.75,1.0,0.75,467.0378690738866,501.8763583731704,122726121.12361106,33600000.0,0.2737803467784802,2,0,1,0,1,0,0
canonical-contact-plan-routing-v1.1,1.1.0,earliest-arrival,edf,1.0,0.75,0.75,1.5,10.0,0.75,4,3,1,3,1,0.75,1.0,0.75,452.32424882205805,501.8763583731704,122726121.12361106,33600000.0,0.2737803467784802,1,0,2,0,1,0,0
canonical-contact-plan-routing-v1.1,1.1.0,deadline-aware,edf,1.0,0.75,0.75,1.5,10.0,0.75,4,3,1,3,1,0.75,1.0,0.75,452.32424882205805,501.8763583731704,122726121.12361106,33600000.0,0.2737803467784802,1,0,2,0,1,0,0
canonical-contact-plan-routing-v1.1,1.1.0,next-contact,edf,1.0,0.75,1.0,1.5,10.0,0.75,4,3,1,3,1,0.75,1.0,0.75,467.0378690738866,501.8763583731704,122726121.12361106,33600000.0,0.2737803467784802,2,0,1,0,1,0,0
canonical-contact-plan-routing-v1.1,1.1.0,earliest-arrival,edf,1.0,0.75,1.0,1.5,10.0,0.75,4,3,1,3,1,0.75,1.0,0.75,452.32424882205805,501.8763583731704,122726121.12361106,33600000.0,0.2737803467784802,1,0,2,0,1,0,0
canonical-contact-plan-routing-v1.1,1.1.0,deadline-aware,edf,1.0,0.75,1.0,1.5,10.0,0.75,4,3,1,3,1,0.75,1.0,0.75,452.32424882205805,501.8763583731704,122726121.12361106,33600000.0,0.2737803467784802,1,0,2,0,1,0,0
canonical-contact-plan-routing-v1.1,1.1.0,next-contact,edf,1.0,0.75,1.5,1.5,10.0,0.75,4,3,1,3,1,0.75,1.0,0.75,467.0378690738866,501.8763583731704,122726121.12361106,33600000.0,0.2737803467784802,2,0,1,0,1,0,0
canonical-contact-plan-routing-v1.1,1.1.0,earliest-arrival,edf,1.0,0.75,1.5,1.5,10.0,0.75,4,3,1,3,1,0.75,1.0,0.75,452.32424882205805,501.8763583731704,122726121.12361106,33600000.0,0.2737803467784802,1,0,2,0,1,0,0
canonical-contact-plan-routing-v1.1,1.1.0,deadline-aware,edf,1.0,0.75,1.5,1.5,10.0,0.75,4,3,1,3,1,0.75,1.0,0.75,452.32424882205805,501.8763583731704,122726121.12361106,33600000.0,0.2737803467784802,1,0,2,0,1,0,0
canonical-contact-plan-routing-v1.1,1.1.0,next-contact,edf,1.0,1.0,0.75,1.5,10.0,0.75,4,3,1,2,2,0.5,1.0,0.75,2442.8950453939465,6334.558175353722,122726121.12361106,44800000.0,0.36504046237130694,1,1,1,0,1,0,0
canonical-contact-plan-routing-v1.1,1.1.0,earliest-arrival,edf,1.0,1.0,0.75,1.5,10.0,0.75,4,3,1,2,2,0.5,1.0,0.75,2429.5202392629626,6294.43375696077,122726121.12361106,44800000.0,0.36504046237130694,1,0,2,0,1,0,0
canonical-contact-plan-routing-v1.1,1.1.0,deadline-aware,edf,1.0,1.0,0.75,1.5,10.0,0.75,4,2,2,2,2,0.5,1.0,0.5,497.0634804140591,539.5565130221382,122726121.12361106,28800000.0,0.23466886866726874,1,0,1,0,1,1,0
canonical-contact-plan-routing-v1.1,1.1.0,next-contact,edf,1.0,1.0,1.0,1.5,10.0,0.75,4,3,1,2,2,0.5,1.0,0.75,2442.8950453939465,6334.558175353722,122726121.12361106,44800000.0,0.36504046237130694,1,1,1,0,1,0,0
canonical-contact-plan-routing-v1.1,1.1.0,earliest-arrival,edf,1.0,1.0,1.0,1.5,10.0,0.75,4,3,1,2,2,0.5,1.0,0.75,2429.5202392629626,6294.43375696077,122726121.12361106,44800000.0,0.36504046237130694,1,0,2,0,1,0,0
canonical-contact-plan-routing-v1.1,1.1.0,deadline-aware,edf,1.0,1.0,1.0,1.5,10.0,0.75,4,2,2,2,2,0.5,1.0,0.5,497.0634804140591,539.5565130221382,122726121.12361106,28800000.0,0.23466886866726874,1,0,1,0,1,1,0
canonical-contact-plan-routing-v1.1,1.1.0,next-contact,edf,1.0,1.0,1.5,1.5,10.0,0.75,4,3,1,2,2,0.5,1.0,0.75,2442.8950453939465,6334.558175353722,122726121.12361106,44800000.0,0.36504046237130694,1,1,1,0,1,0,0
canonical-contact-plan-routing-v1.1,1.1.0,earliest-arrival,edf,1.0,1.0,1.5,1.5,10.0,0.75,4,3,1,2,2,0.5,1.0,0.75,2429.5202392629626,6294.43375696077,122726121.12361106,44800000.0,0.36504046237130694,1,0,2,0,1,0,0
canonical-contact-plan-routing-v1.1,1.1.0,deadline-aware,edf,1.0,1.0,1.5,1.5,10.0,0.75,4,2,2,2,2,0.5,1.0,0.5,497.0634804140591,539.5565130221382,122726121.12361106,28800000.0,0.23466886866726874,1,0,1,0,1,1,0
canonical-contact-plan-routing-v1.1,1.1.0,next-contact,edf,1.0,1.25,0.75,1.5,10.0,0.75,4,3,1,2,2,0.5,1.0,0.75,2498.542755470136,6382.830440572603,122726121.12361106,56000000.0,0.45630057796413365,1,1,1,0,1,0,0
canonical-contact-plan-routing-v1.1,1.1.0,earliest-arrival,edf,1.0,1.25,0.75,1.5,10.0,0.75,4,3,1,2,2,0.5,1.0,0.75,2498.542755470136,6382.830440572603,122726121.12361106,56000000.0,0.45630057796413365,1,1,1,0,1,0,0
canonical-contact-plan-routing-v1.1,1.1.0,deadline-aware,edf,1.0,1.25,0.75,1.5,10.0,0.75,4,2,2,2,2,0.5,1.0,0.5,556.3989129189022,589.6371093933263,122726121.12361106,36000000.0,0.29333608583408594,1,0,1,0,1,1,0
canonical-contact-plan-routing-v1.1,1.1.0,next-contact,edf,1.0,1.25,1.0,1.5,10.0,0.75,4,3,1,2,2,0.5,1.0,0.75,2498.542755470136,6382.830440572603,122726121.12361106,56000000.0,0.45630057796413365,1,1,1,0,1,0,0
canonical-contact-plan-routing-v1.1,1.1.0,earliest-arrival,edf,1.0,1.25,1.0,1.5,10.0,0.75,4,3,1,2,2,0.5,1.0,0.75,2498.542755470136,6382.830440572603,122726121.12361106,56000000.0,0.45630057796413365,1,1,1,0,1,0,0
canonical-contact-plan-routing-v1.1,1.1.0,deadline-aware,edf,1.0,1.25,1.0,1.5,10.0,0.75,4,2,2,2,2,0.5,1.0,0.5,556.3989129189022,589.6371093933263,122726121.12361106,36000000.0,0.29333608583408594,1,0,1,0,1,1,0
canonical-contact-plan-routing-v1.1,1.1.0,next-contact,edf,1.0,1.25,1.5,1.5,10.0,0.75,4,3,1,2,2,0.5,1.0,0.75,2498.542755470136,6382.830440572603,122726121.12361106,56000000.0,0.45630057796413365,1,1,1,0,1,0,0
canonical-contact-plan-routing-v1.1,1.1.0,earliest-arrival,edf,1.0,1.25,1.5,1.5,10.0,0.75,4,3,1,2,2,0.5,1.0,0.75,2498.542755470136,6382.830440572603,122726121.12361106,56000000.0,0.45630057796413365,1,1,1,0,1,0,0
canonical-contact-plan-routing-v1.1,1.1.0,deadline-aware,edf,1.0,1.25,1.5,1.5,10.0,0.75,4,2,2,2,2,0.5,1.0,0.5,556.3989129189022,589.6371093933263,122726121.12361106,36000000.0,0.29333608583408594,1,0,1,0,1,1,0
canonical-contact-plan-routing-v1.1,1.1.0,next-contact,edf,1.0,0.75,0.75,0.5,10.0,1.25,4,4,0,3,1,0.75,1.0,1.0,1875.7018369909915,6049.91511211236,204543535.20601845,69600000.0,0.34026985956753963,0,2,2,0,0,0,0
canonical-contact-plan-routing-v1.1,1.1.0,earliest-arrival,edf,1.0,0.75,0.75,0.5,10.0,1.25,4,4,0,3,1,0.75,1.0,1.0,1792.263102775668,6049.91511211236,204543535.20601845,69600000.0,0.34026985956753963,1,1,2,0,0,0,0
canonical-contact-plan-routing-v1.1,1.1.0,deadline-aware,edf,1.0,0.75,0.75,0.5,10.0,1.25,4,3,1,3,1,0.75,1.0,0.75,373.045766330104,409.82971468646673,204543535.20601845,33600000.0,0.1642682080670881,1,0,2,0,0,1,0
canonical-contact-plan-routing-v1.1,1.1.0,next-contact,edf,1.0,0.75,1.0,0.5,10.0,1.25,4,4,0,4,0,1.0,1.0,1.0,1875.7018369909915,6049.91511211236,204543535.20601845,69600000.0,0.34026985956753963,0,2,2,0,0,0,0
canonical-contact-plan-routing-v1.1,1.1.0,earliest-arrival,edf,1.0,0.75,1.0,0.5,10.0,1.25,4,4,0,4,0,1.0,1.0,1.0,1792.263102775668,6049.91511211236,204543535.20601845,69600000.0,0.34026985956753963,1,1,2,0,0,0,0
canonical-contact-plan-routing-v1.1,1.1.0,deadline-aware,edf,1.0,0.75,1.0,0.5,10.0,1.25,4,4,0,4,0,1.0,1.0,1.0,1792.263102775668,6049.91511211236,204543535.20601845,69600000.0,0.34026985956753963,1,1,2,0,0,0,0
canonical-contact-plan-routing-v1.1,1.1.0,next-contact,edf,1.0,0.75,1.5,0.5,10.0,1.25,4,4,0,4,0,1.0,1.0,1.0,1875.7018369909915,6049.91511211236,204543535.20601845,69600000.0,0.34026985956753963,0,2,2,0,0,0,0
canonical-contact-plan-routing-v1.1,1.1.0,earliest-arrival,edf,1.0,0.75,1.5,0.5,10.0,1.25,4,4,0,4,0,1.0,1.0,1.0,1792.263102775668,6049.91511211236,204543535.20601845,69600000.0,0.34026985956753963,1,1,2,0,0,0,0
canonical-contact-plan-routing-v1.1,1.1.0,deadline-aware,edf,1.0,0.75,1.5,0.5,10.0,1.25,4,4,0,4,0,1.0,1.0,1.0,1792.263102775668,6049.91511211236,204543535.20601845,69600000.0,0.34026985956753963,1,1,2,0,0,0,0
canonical-contact-plan-routing-v1.1,1.1.0,next-contact,edf,1.0,1.0,0.75,0.5,10.0,1.25,4,3,1,3,1,0.75,1.0,0.75,407.7187385282034,434.6992740136078,204543535.20601845,44800000.0,0.21902427742278413,3,0,0,0,1,0,0
canonical-contact-plan-routing-v1.1,1.1.0,earliest-arrival,edf,1.0,1.0,0.75,0.5,10.0,1.25,4,3,1,3,1,0.75,1.0,0.75,403.4635293205499,434.6992740136078,204543535.20601845,44800000.0,0.21902427742278413,1,0,2,0,1,0,0
canonical-contact-plan-routing-v1.1,1.1.0,deadline-aware,edf,1.0,1.0,0.75,0.5,10.0,1.25,4,3,1,3,1,0.75,1.0,0.75,403.4635293205499,434.6992740136078,204543535.20601845,44800000.0,0.21902427742278413,1,0,2,0,1,0,0
canonical-contact-plan-routing-v1.1,1.1.0,next-contact,edf,1.0,1.0,1.0,0.5,10.0,1.25,4,3,1,3,1,0.75,1.0,0.75,407.7187385282034,434.6992740136078,204543535.20601845,44800000.0,0.21902427742278413,3,0,0,0,1,0,0
canonical-contact-plan-routing-v1.1,1.1.0,earliest-arrival,edf,1.0,1.0,1.0,0.5,10.0,1.25,4,3,1,3,1,0.75,1.0,0.75,403.4635293205499,434.6992740136078,204543535.20601845,44800000.0,0.21902427742278413,1,0,2,0,1,0,0
canonical-contact-plan-routing-v1.1,1.1.0,deadline-aware,edf,1.0,1.0,1.0,0.5,10.0,1.25,4,3,1,3,1,0.75,1.0,0.75,403.4635293205499,434.6992740136078,204543535.20601845,44800000.0,0.21902427742278413,1,0,2,0,1,0,0
canonical-contact-plan-routing-v1.1,1.1.0,next-contact,edf,1.0,1.0,1.5,0.5,10.0,1.25,4,3,1,3,1,0.75,1.0,0.75,407.7187385282034,434.6992740136078,204543535.20601845,44800000.0,0.21902427742278413,3,0,0,0,1,0,0
canonical-contact-plan-routing-v1.1,1.1.0,earliest-arrival,edf,1.0,1.0,1.5,0.5,10.0,1.25,4,3,1,3,1,0.75,1.0,0.75,403.4635293205499,434.6992740136078,204543535.20601845,44800000.0,0.21902427742278413,1,0,2,0,1,0,0
canonical-contact-plan-routing-v1.1,1.1.0,deadline-aware,edf,1.0,1.0,1.5,0.5,10.0,1.25,4,3,1,3,1,0.75,1.0,0.75,403.4635293205499,434.6992740136078,204543535.20601845,44800000.0,0.21902427742278413,1,0,2,0,1,0,0
canonical-contact-plan-routing-v1.1,1.1.0,next-contact,edf,1.0,1.25,0.75,0.5,10.0,1.25,4,3,1,3,1,0.75,1.0,0.75,435.37120240722,456.87635837317043,204543535.20601845,56000000.0,0.2737803467784802,2,0,1,0,1,0,0
canonical-contact-plan-routing-v1.1,1.1.0,earliest-arrival,edf,1.0,1.25,0.75,0.5,10.0,1.25,4,3,1,3,1,0.75,1.0,0.75,433.99091548872485,456.87635837317043,204543535.20601845,56000000.0,0.2737803467784802,1,0,2,0,1,0,0
canonical-contact-plan-routing-v1.1,1.1.0,deadline-aware,edf,1.0,1.25,0.75,0.5,10.0,1.25,4,3,1,3,1,0.75,1.0,0.75,433.99091548872485,456.87635837317043,204543535.20601845,56000000.0,0.2737803467784802,1,0,2,0,1,0,0
canonical-contact-plan-routing-v1.1,1.1.0,next-contact,edf,1.0,1.25,1.0,0.5,10.0,1.25,4,3,1,3,1,0.75,1.0,0.75,435.37120240722,456.87635837317043,204543535.20601845,56000000.0,0.2737803467784802,2,0,1,0,1,0,0
canonical-contact-plan-routing-v1.1,1.1.0,earliest-arrival,edf,1.0,1.25,1.0,0.5,10.0,1.25,4,3,1,3,1,0.75,1.0,0.75,433.99091548872485,456.87635837317043,204543535.20601845,56000000.0,0.2737803467784802,1,0,2,0,1,0,0
canonical-contact-plan-routing-v1.1,1.1.0,deadline-aware,edf,1.0,1.25,1.0,0.5,10.0,1.25,4,3,1,3,1,0.75,1.0,0.75,433.99091548872485,456.87635837317043,204543535.20601845,56000000.0,0.2737803467784802,1,0,2,0,1,0,0
canonical-contact-plan-routing-v1.1,1.1.0,next-contact,edf,1.0,1.25,1.5,0.5,10.0,1.25,4,3,1,3,1,0.75,1.0,0.75,435.37120240722,456.87635837317043,204543535.20601845,56000000.0,0.2737803467784802,2,0,1,0,1,0,0
canonical-contact-plan-routing-v1.1,1.1.0,earliest-arrival,edf,1.0,1.25,1.5,0.5,10.0,1.25,4,3,1,3,1,0.75,1.0,0.75,433.99091548872485,456.87635837317043,204543535.20601845,56000000.0,0.2737803467784802,1,0,2,0,1,0,0
canonical-contact-plan-routing-v1.1,1.1.0,deadline-aware,edf,1.0,1.25,1.5,0.5,10.0,1.25,4,3,1,3,1,0.75,1.0,0.75,433.99091548872485,456.87635837317043,204543535.20601845,56000000.0,0.2737803467784802,1,0,2,0,1,0,0
canonical-contact-plan-routing-v1.1,1.1.0,next-contact,edf,1.0,0.75,0.75,1.5,10.0,1.25,4,4,0,3,1,0.75,1.0,1.0,1968.2018369909915,6229.91511211236,204543535.20601845,69600000.0,0.34026985956753963,0,2,2,0,0,0,0
canonical-contact-plan-routing-v1.1,1.1.0,earliest-arrival,edf,1.0,0.75,0.75,1.5,10.0,1.25,4,4,0,3,1,0.75,1.0,1.0,1873.5748381394878,6229.91511211236,204543535.20601845,69600000.0,0.34026985956753963,0,1,3,0,0,0,0
canonical-contact-plan-routing-v1.1,1.1.0,deadline-aware,edf,1.0,0.75,0.75,1.5,10.0,1.25,4,3,1,3,1,0.75,1.0,0.75,421.46141348186376,452.35740943504777,204543535.20601845,33600000.0,0.1642682080670881,0,0,3,0,0,1,0
canonical-contact-plan-routing-v1.1,1.1.0,next-contact,edf,1.0,0.75,1.0,1.5,10.0,1.25,4,4,0,4,0,1.0,1.0,1.0,1968.2018369909915,6229.91511211236,204543535.20601845,69600000.0,0.34026985956753963,0,2,2,0,0,0,0
canonical-contact-plan-routing-v1.1,1.1.0,earliest-arrival,edf,1.0,0.75,1.0,1.5,10.0,1.25,4,4,0,4,0,1.0,1.0,1.0,1873.5748381394878,6229.91511211236,204543535.20601845,69600000.0,0.34026985956753963,0,1,3,0,0,0,0
canonical-contact-plan-routing-v1.1,1.1.0,deadline-aware,edf,1.0,0.75,1.0,1.5,10.0,1.25,4,4,0,4,0,1.0,1.0,1.0,1873.5748381394878,6229.91511211236,204543535.20601845,69600000.0,0.34026985956753963,0,1,3,0,0,0,0
canonical-contact-plan-routing-v1.1,1.1.0,next-contact,edf,1.0,0.75,1.5,1.5,10.0,1.25,4,4,0,4,0,1.0,1.0,1.0,1968.2018369909915,6229.91511211236,204543535.20601845,69600000.0,0.34026985956753963,0,2,2,0,0,0,0
canonical-contact-plan-routing-v1.1,1.1.0,earliest-arrival,edf,1.0,0.75,1.5,1.5,10.0,1.25,4,4,0,4,0,1.0,1.0,1.0,1873.5748381394878,6229.91511211236,204543535.20601845,69600000.0,0.34026985956753963,0,1,3,0,0,0,0
canonical-contact-plan-routing-v1.1,1.1.0,deadline-aware,edf,1.0,0.75,1.5,1.5,10.0,1.25,4,4,0,4,0,1.0,1.0,1.0,1873.5748381394878,6229.91511211236,204543535.20601845,69600000.0,0.34026985956753963,0,1,3,0,0,0,0
canonical-contact-plan-routing-v1.1,1.1.0,next-contact,edf,1.0,1.0,0.75,1.5,10.0,1.25,4,3,1,3,1,0.75,1.0,0.75,452.7187385282034,479.6992740136078,204543535.20601845,44800000.0,0.21902427742278413,3,0,0,0,1,0,0
canonical-contact-plan-routing-v1.1,1.1.0,earliest-arrival,edf,1.0,1.0,0.75,1.5,10.0,1.25,4,3,1,3,1,0.75,1.0,0.75,421.79686265388324,479.6992740136078,204543535.20601845,44800000.0,0.21902427742278413,1,0,2,0,1,0,0
canonical-contact-plan-routing-v1.1,1.1.0,deadline-aware,edf,1.0,1.0,0.75,1.5,10.0,1.25,4,3,1,3,1,0.75,1.0,0.75,421.79686265388324,479.6992740136078,204543535.20601845,44800000.0,0.21902427742278413,1,0,2,0,1,0,0
canonical-contact-plan-routing-v1.1,1.1.0,next-contact,edf,1.0,1.0,1.0,1.5,10.0,1.25,4,3,1,3,1,0.75,1.0,0.75,452.7187385282034,479.6992740136078,204543535.20601845,44800000.0,0.21902427742278413,3,0,0,0,1,0,0
canonical-contact-plan-routing-v1.1,1.1.0,earliest-arrival,edf,1.0,1.0,1.0,1.5,10.0,1.25,4,3,1,3,1,0.75,1.0,0.75,421.79686265388324,479.6992740136078,204543535.20601845,44800000.0,0.21902427742278413,1,0,2,0,1,0,0
canonical-contact-plan-routing-v1.1,1.1.0,deadline-aware,edf,1.0,1.0,1.0,1.5,10.0,1.25,4,3,1,3,1,0.75,1.0,0.75,421.79686265388324,479.6992740136078,204543535.20601845,44800000.0,0.21902427742278413,1,0,2,0,1,0,0
canonical-contact-plan-routing-v1.1,1.1.0,next-contact,edf,1.0,1.0,1.5,1.5,10.0,1.25,4,3,1,3,1,0.75,1.0,0.75,452.7187385282034,479.6992740136078,204543535.20601845,44800000.0,0.21902427742278413,3,0,0,0,1,0,0
canonical-contact-plan-routing-v1.1,1.1.0,earliest-arrival,edf,1.0,1.0,1.5,1.5,10.0,1.25,4,3,1,3,1,0.75,1.0,0.75,421.79686265388324,479.6992740136078,204543535.20601845,44800000.0,0.21902427742278413,1,0,2,0,1,0,0
canonical-contact-plan-routing-v1.1,1.1.0,deadline-aware,edf,1.0,1.0,1.5,1.5,10.0,1.25,4,3,1,3,1,0.75,1.0,0.75,421.79686265388324,479.6992740136078,204543535.20601845,44800000.0,0.21902427742278413,1,0,2,0,1,0,0
canonical-contact-plan-routing-v1.1,1.1.0,next-contact,edf,1.0,1.25,0.75,1.5,10.0,1.25,4,3,1,3,1,0.75,1.0,0.75,467.03786907388667,501.87635837317043,204543535.20601845,56000000.0,0.2737803467784802,2,0,1,0,1,0,0
canonical-contact-plan-routing-v1.1,1.1.0,earliest-arrival,edf,1.0,1.25,0.75,1.5,10.0,1.25,4,3,1,3,1,0.75,1.0,0.75,452.3242488220582,501.87635837317043,204543535.20601845,56000000.0,0.2737803467784802,1,0,2,0,1,0,0
canonical-contact-plan-routing-v1.1,1.1.0,deadline-aware,edf,1.0,1.25,0.75,1.5,10.0,1.25,4,3,1,3,1,0.75,1.0,0.75,452.3242488220582,501.87635837317043,204543535.20601845,56000000.0,0.2737803467784802,1,0,2,0,1,0,0
canonical-contact-plan-routing-v1.1,1.1.0,next-contact,edf,1.0,1.25,1.0,1.5,10.0,1.25,4,3,1,3,1,0.75,1.0,0.75,467.03786907388667,501.87635837317043,204543535.20601845,56000000.0,0.2737803467784802,2,0,1,0,1,0,0
canonical-contact-plan-routing-v1.1,1.1.0,earliest-arrival,edf,1.0,1.25,1.0,1.5,10.0,1.25,4,3,1,3,1,0.75,1.0,0.75,452.3242488220582,501.87635837317043,204543535.20601845,56000000.0,0.2737803467784802,1,0,2,0,1,0,0
canonical-contact-plan-routing-v1.1,1.1.0,deadline-aware,edf,1.0,1.25,1.0,1.5,10.0,1.25,4,3,1,3,1,0.75,1.0,0.75,452.3242488220582,501.87635837317043,204543535.20601845,56000000.0,0.2737803467784802,1,0,2,0,1,0,0
canonical-contact-plan-routing-v1.1,1.1.0,next-contact,edf,1.0,1.25,1.5,1.5,10.0,1.25,4,3,1,3,1,0.75,1.0,0.75,467.03786907388667,501.87635837317043,204543535.20601845,56000000.0,0.2737803467784802,2,0,1,0,1,0,0
canonical-contact-plan-routing-v1.1,1.1.0,earliest-arrival,edf,1.0,1.25,1.5,1.5,10.0,1.25,4,3,1,3,1,0.75,1.0,0.75,452.3242488220582,501.87635837317043,204543535.20601845,56000000.0,0.2737803467784802,1,0,2,0,1,0,0
canonical-contact-plan-routing-v1.1,1.1.0,deadline-aware,edf,1.0,1.25,1.5,1.5,10.0,1.25,4,3,1,3,1,0.75,1.0,0.75,452.3242488220582,501.87635837317043,204543535.20601845,56000000.0,0.2737803467784802,1,0,2,0,1,0,0
canonical-contact-plan-routing-v1.1,1.1.0,next-contact,edf,1.0,0.75,0.75,0.5,20.0,0.75,4,3,1,3,1,0.75,1.0,0.75,459.6718935159932,477.59790638436687,74376337.2993454,33600000.0,0.45175658307518884,2,0,1,0,1,0,0
canonical-contact-plan-routing-v1.1,1.1.0,earliest-arrival,edf,1.0,0.75,0.75,0.5,20.0,0.75,4,3,1,3,1,0.75,1.0,0.75,455.57118413896234,477.59790638436687,74376337.2993454,33600000.0,0.45175658307518884,1,0,2,0,1,0,0
canonical-contact-plan-routing-v1.1,1.1.0,deadline-aware,edf,1.0,0.75,0.75,0.5,20.0,0.75,4,3,1,3,1,0.75,1.0,0.75,455.57118413896234,477.59790638436687,74376337.2993454,33600000.0,0.45175658307518884,1,0,2,0,1,0,0
canonical-contact-plan-routing-v1.1,1.1.0,next-contact,edf,1.0,0.75,1.0,0.5,20.0,0.75,4,3,1,3,1,0.75,1.0,0.75,459.6718935159932,477.59790638436687,74376337.2993454,33600000.0,0.45175658307518884,2,0,1,0,1,0,0
canonical-contact-plan-routing-v1.1,1.1.0,earliest-arrival,edf,1.0,0.75,1.0,0.5,20.0,0.75,4,3,1,3,1,0.75,1.0,0.75,455.57118413896234,477.59790638436687,74376337.2993454,33600000.0,0.45175658307518884,1,0,2,0,1,0,0
canonical-contact-plan-routing-v1.1,1.1.0,deadline-aware,edf,1.0,0.75,1.0,0.5,20.0,0.75,4,3,1,3,1,0.75,1.0,0.75,455.57118413896234,477.59790638436687,74376337.2993454,33600000.0,0.45175658307518884,1,0,2,0,1,0,0
canonical-contact-plan-routing-v1.1,1.1.0,next-contact,edf,1.0,0.75,1.5,0.5,20.0,0.75,4,3,1,3,1,0.75,1.0,0.75,459.6718935159932,477.59790638436687,74376337.2993454,33600000.0,0.45175658307518884,2,0,1,0,1,0,0
canonical-contact-plan-routing-v1.1,1.1.0,earliest-arrival,edf,1.0,0.75,1.5,0.5,20.0,0.75,4,3,1,3,1,0.75,1.0,0.75,455.57118413896234,477.59790638436687,74376337.2993454,33600000.0,0.45175658307518884,1,0,2,0,1,0,0
canonical-contact-plan-routing-v1.1,1.1.0,deadline-aware,edf,1.0,0.75,1.5,0.5,20.0,0.75,4,3,1,3,1,0.75,1.0,0.75,455.57118413896234,477.59790638436687,74376337.2993454,33600000.0,0.45175658307518884,1,0,2,0,1,0,0
canonical-contact-plan-routing-v1.1,1.1.0,next-contact,edf,1.0,1.0,0.75,0.5,20.0,0.75,4,3,1,2,2,0.5,1.0,0.75,2392.7564158759797,6181.338852343334,74376337.2993454,44800000.0,0.6023421107669185,1,1,1,0,1,0,0
canonical-contact-plan-routing-v1.1,1.1.0,earliest-arrival,edf,1.0,1.0,0.75,0.5,20.0,0.75,4,3,1,2,2,0.5,1.0,0.75,2392.7564158759797,6181.338852343334,74376337.2993454,44800000.0,0.6023421107669185,1,1,1,0,1,0,0
canonical-contact-plan-routing-v1.1,1.1.0,deadline-aware,edf,1.0,1.0,0.75,0.5,20.0,0.75,4,2,2,2,2,0.5,1.0,0.5,498.46519764230254,520.2231623639059,74376337.2993454,28800000.0,0.3872199283501619,1,0,1,0,1,1,0
canonical-contact-plan-routing-v1.1,1.1.0,next-contact,edf,1.0,1.0,1.0,0.5,20.0,0.75,4,3,1,2,2,0.5,1.0,0.75,2392.7564158759797,6181.338852343334,74376337.2993454,44800000.0,0.6023421107669185,1,1,1,0,1,0,0
canonical-contact-plan-routing-v1.1,1.1.0,earliest-arrival,edf,1.0,1.0,1.0,0.5,20.0,0.75,4,3,1,2,2,0.5,1.0,0.75,2392.7564158759797,6181.338852343334,74376337.2993454,44800000.0,0.6023421107669185,1,1,1,0,1,0,0
canonical-contact-plan-routing-v1.1,1.1.0,deadline-aware,edf,1.0,1.0,1.0,0.5,20.0,0.75,4,2,2,2,2,0.5,1.0,0.5,498.46519764230254,520.2231623639059,74376337.2993454,28800000.0,0.3872199283501619,1,0,1,0,1,1,0
canonical-contact-plan-routing-v1.1,1.1.0,next-contact,edf,1.0,1.0,1.5,0.5,20.0,0.75,4,3,1,2,2,0.5,1.0,0.75,2392.7564158759797,6181.338852343334,74376337.2993454,44800000.0,0.6023421107669185,1,1,1,0,1,0,0
canonical-contact-plan-routing-v1.1,1.1.0,earliest-arrival,edf,1.0,1.0,1.5,0.5,20.0,0.75,4,3,1,2,2,0.5,1.0,0.75,2392.7564158759797,6181.338852343334,74376337.2993454,44800000.0,0.6023421107669185,1,1,1,0,1,0,0
canonical-contact-plan-routing-v1.1,1.1.0,deadline-aware,edf,1.0,1.0,1.5,0.5,20.0,0.75,4,2,2,2,2,0.5,1.0,0.5,498.46519764230254,520.2231623639059,74376337.2993454,28800000.0,0.3872199283501619,1,0,1,0,1,1,0
canonical-contact-plan-routing-v1.1,1.1.0,next-contact,edf,1.0,1.25,0.75,0.5,20.0,0.75,4,2,2,2,2,0.5,1.0,0.5,378.6194474816218,418.49159466374385,74376337.2993454,26000000.0,0.3495735464272295,2,0,0,0,2,0,0
canonical-contact-plan-routing-v1.1,1.1.0,earliest-arrival,edf,1.0,1.25,0.75,0.5,20.0,0.75,4,2,2,2,2,0.5,1.0,0.5,378.6194474816218,418.49159466374385,74376337.2993454,26000000.0,0.3495735464272295,2,0,0,0,2,0,0
canonical-contact-plan-routing-v1.1,1.1.0,deadline-aware,edf,1.0,1.25,0.75,0.5,20.0,0.75,4,2,2,2,2,0.5,1.0,0.5,378.6194474816218,418.49159466374385,74376337.2993454,26000000.0,0.3495735464272295,2,0,0,0,2,0,0
canonical-contact-plan-routing-v1.1,1.1.0,next-contact,edf,1.0,1.25,1.0,0.5,20.0,0.75,4,2,2,2,2,0.5,1.0,0.5,378.6194474816218,418.49159466374385,74376337.2993454,26000000.0,0.3495735464272295,2,0,0,0,2,0,0
canonical-contact-plan-routing-v1.1,1.1.0,earliest-arrival,edf,1.0,1.25,1.0,0.5,20.0,0.75,4,2,2,2,2,0.5,1.0,0.5,378.6194474816218,418.49159466374385,74376337.2993454,26000000.0,0.3495735464272295,2,0,0,0,2,0,0
canonical-contact-plan-routing-v1.1,1.1.0,deadline-aware,edf,1.0,1.25,1.0,0.5,20.0,0.75,4,2,2,2,2,0.5,1.0,0.5,378.6194474816218,418.49159466374385,74376337.2993454,26000000.0,0.3495735464272295,2,0,0,0,2,0,0
canonical-contact-plan-routing-v1.1,1.1.0,next-contact,edf,1.0,1.25,1.5,0.5,20.0,0.75,4,2,2,2,2,0.5,1.0,0.5,378.6194474816218,418.49159466374385,74376337.2993454,26000000.0,0.3495735464272295,2,0,0,0,2,0,0
canonical-contact-plan-routing-v1.1,1.1.0,earliest-arrival,edf,1.0,1.25,1.5,0.5,20.0,0.75,4,2,2,2,2,0.5,1.0,0.5,378.6194474816218,418.49159466374385,74376337.2993454,26000000.0,0.3495735464272295,2,0,0,0,2,0,0
canonical-contact-plan-routing-v1.1,1.1.0,deadline-aware,edf,1.0,1.25,1.5,0.5,20.0,0.75,4,2,2,2,2,0.5,1.0,0.5,378.6194474816218,418.49159466374385,74376337.2993454,26000000.0,0.3495735464272295,2,0,0,0,2,0,0
canonical-contact-plan-routing-v1.1,1.1.0,next-contact,edf,1.0,0.75,0.75,1.5,20.0,0.75,4,3,1,3,1,0.75,1.0,0.75,491.3385601826599,522.5979063843669,74376337.2993454,33600000.0,0.45175658307518884,2,0,1,0,1,0,0
canonical-contact-plan-routing-v1.1,1.1.0,earliest-arrival,edf,1.0,0.75,0.75,1.5,20.0,0.75,4,3,1,3,1,0.75,1.0,0.75,473.9045174722957,522.5979063843669,74376337.2993454,33600000.0,0.45175658307518884,1,0,2,0,1,0,0
canonical-contact-plan-routing-v1.1,1.1.0,deadline-aware,edf,1.0,0.75,0.75,1.5,20.0,0.75,4,3,1,3,1,0.75,1.0,0.75,473.9045174722957,522.5979063843669,74376337.2993454,33600000.0,0.45175658307518884,1,0,2,0,1,0,0
canonical-contact-plan-routing-v1.1,1.1.0,next-contact,edf,1.0,0.75,1.0,1.5,20.0,0.75,4,3,1,3,1,0.75,1.0,0.75,491.3385601826599,522.5979063843669,74376337.2993454,33600000.0,0.45175658307518884,2,0,1,0,1,0,0
canonical-contact-plan-routing-v1.1,1.1.0,earliest-arrival,edf,1.0,0.75,1.0,1.5,20.0,0.75,4,3,1,3,1,0.75,1.0,0.75,473.9045174722957,522.5979063843669,74376337.2993454,33600000.0,0.45175658307518884,1,0,2,0,1,0,0
canonical-contact-plan-routing-v1.1,1.1.0,deadline-aware,edf,1.0,0.75,1.0,1.5,20.0,0.75,4,3,1,3,1,0.75,1.0,0.75,473.9045174722957,522.5979063843669,74376337.2993454,33600000.0,0.45175658307518884,1,0,2,0,1,0,0
canonical-contact-plan-routing-v1.1,1.1.0,next-contact,edf,1.0,0.75,1.5,1.5,20.0,0.75,4,3,1,3,1,0.75,1.0,0.75,491.3385601826599,522.5979063843669,74376337.2993454,33600000.0,0.45175658307518884,2,0,1,0,1,0,0
canonical-contact-plan-routing-v1.1,1.1.0,earliest-arrival,edf,1.0,0.75,1.5,1.5,20.0,0.75,4,3,1,3,1,0.75,1.0,0.75,473.9045174722957,522.5979063843669,74376337.2993454,33600000.0,0.45175658307518884,1,0,2,0,1,0,0
canonical-contact-plan-routing-v1.1,1.1.0,deadline-aware,edf,1.0,0.75,1.5,1.5,20.0,0.75,4,3,1,3,1,0.75,1.0,0.75,473.9045174722957,522.5979063843669,74376337.2993454,33600000.0,0.45175658307518884,1,0,2,0,1,0,0
canonical-contact-plan-routing-v1.1,1.1.0,next-contact,edf,1.0,1.0,0.75,1.5,20.0,0.75,4,3,1,2,2,0.5,1.0,0.75,2469.423082542646,6361.338852343334,74376337.2993454,44800000.0,0.6023421107669185,1,1,1,0,1,0,0
canonical-contact-plan-routing-v1.1,1.1.0,earliest-arrival,edf,1.0,1.0,0.75,1.5,20.0,0.75,4,3,1,2,2,0.5,1.0,0.75,2469.423082542646,6361.338852343334,74376337.2993454,44800000.0,0.6023421107669185,1,1,1,0,1,0,0
canonical-contact-plan-routing-v1.1,1.1.0,deadline-aware,edf,1.0,1.0,0.75,1.5,20.0,0.75,4,2,2,2,2,0.5,1.0,0.5,523.4651976423025,565.2231623639059,74376337.2993454,28800000.0,0.3872199283501619,1,0,1,0,1,1,0
canonical-contact-plan-routing-v1.1,1.1.0,next-contact,edf,1.0,1.0,1.0,1.5,20.0,0.75,4,3,1,2,2,0.5,1.0,0.75,2469.423082542646,6361.338852343334,74376337.2993454,44800000.0,0.6023421107669185,1,1,1,0,1,0,0
canonical-contact-plan-routing-v1.1,1.1.0,earliest-arrival,edf,1.0,1.0,1.0,1.5,20.0,0.75,4,3,1,2,2,0.5,1.0,0.75,2469.423082542646,6361.338852343334,74376337.2993454,44800000.0,0.6023421107669185,1,1,1,0,1,0,0
canonical-contact-plan-routing-v1.1,1.1.0,deadline-aware,edf,1.0,1.0,1.0,1.5,20.0,0.75,4,2,2,2,2,0.5,1.0,0.5,523.4651976423025,565.2231623639059,74376337.2993454,28800000.0,0.3872199283501619,1,0,1,0,1,1,0
canonical-contact-plan-routing-v1.1,1.1.0,next-contact,edf,1.0,1.0,1.5,1.5,20.0,0.75,4,3,1,2,2,0.5,1.0,0.75,2469.423082542646,6361.338852343334,74376337.2993454,44800000.0,0.6023421107669185,1,1,1,0,1,0,0
canonical-contact-plan-routing-v1.1,1.1.0,earliest-arrival,edf,1.0,1.0,1.5,1.5,20.0,0.75,4,3,1,2,2,0.5,1.0,0.75,2469.423082542646,6361.338852343334,74376337.2993454,44800000.0,0.6023421107669185,1,1,1,0,1,0,0
canonical-contact-plan-routing-v1.1,1.1.0,deadline-aware,edf,1.0,1.0,1.5,1.5,20.0,0.75,4,2,2,2,2,0.5,1.0,0.5,523.4651976423025,565.2231623639059,74376337.2993454,28800000.0,0.3872199283501619,1,0,1,0,1,1,0
canonical-contact-plan-routing-v1.1,1.1.0,next-contact,edf,1.0,1.25,0.75,1.5,20.0,0.75,4,2,2,2,2,0.5,1.0,0.5,423.6194474816218,463.49159466374385,74376337.2993454,26000000.0,0.3495735464272295,2,0,0,0,2,0,0
canonical-contact-plan-routing-v1.1,1.1.0,earliest-arrival,edf,1.0,1.25,0.75,1.5,20.0,0.75,4,2,2,2,2,0.5,1.0,0.5,410.9265703628528,438.10584042620576,74376337.2993454,26000000.0,0.3495735464272295,1,0,1,0,2,0,0
canonical-contact-plan-routing-v1.1,1.1.0,deadline-aware,edf,1.0,1.25,0.75,1.5,20.0,0.75,4,2,2,2,2,0.5,1.0,0.5,410.9265703628528,438.10584042620576,74376337.2993454,26000000.0,0.3495735464272295,1,0,1,0,2,0,0
canonical-contact-plan-routing-v1.1,1.1.0,next-contact,edf,1.0,1.25,1.0,1.5,20.0,0.75,4,2,2,2,2,0.5,1.0,0.5,423.6194474816218,463.49159466374385,74376337.2993454,26000000.0,0.3495735464272295,2,0,0,0,2,0,0
canonical-contact-plan-routing-v1.1,1.1.0,earliest-arrival,edf,1.0,1.25,1.0,1.5,20.0,0.75,4,2,2,2,2,0.5,1.0,0.5,410.9265703628528,438.10584042620576,74376337.2993454,26000000.0,0.3495735464272295,1,0,1,0,2,0,0
canonical-contact-plan-routing-v1.1,1.1.0,deadline-aware,edf,1.0,1.25,1.0,1.5,20.0,0.75,4,2,2,2,2,0.5,1.0,0.5,410.9265703628528,438.10584042620576,74376337.2993454,26000000.0,0.3495735464272295,1,0,1,0,2,0,0
canonical-contact-plan-routing-v1.1,1.1.0,next-contact,edf,1.0,1.25,1.5,1.5,20.0,0.75,4,2,2,2,2,0.5,1.0,0.5,423.6194474816218,463.49159466374385,74376337.2993454,26000000.0,0.3495735464272295,2,0,0,0,2,0,0
canonical-contact-plan-routing-v1.1,1.1.0,earliest-arrival,edf,1.0,1.25,1.5,1.5,20.0,0.75,4,2,2,2,2,0.5,1.0,0.5,410.9265703628528,438.10584042620576,74376337.2993454,26000000.0,0.3495735464272295,1,0,1,0,2,0,0
canonical-contact-plan-routing-v1.1,1.1.0,deadline-aware,edf,1.0,1.25,1.5,1.5,20.0,0.75,4,2,2,2,2,0.5,1.0,0.5,410.9265703628528,438.10584042620576,74376337.2993454,26000000.0,0.3495735464272295,1,0,1,0,2,0,0
canonical-contact-plan-routing-v1.1,1.1.0,next-contact,edf,1.0,0.75,0.75,0.5,20.0,1.25,4,3,1,3,1,0.75,1.0,0.75,397.31070585975385,433.4180575797985,123960562.16557565,33600000.0,0.2710539498451134,3,0,0,0,1,0,0
canonical-contact-plan-routing-v1.1,1.1.0,earliest-arrival,edf,1.0,0.75,0.75,0.5,20.0,1.25,4,3,1,3,1,0.75,1.0,0.75,392.6706259906064,433.4180575797985,123960562.16557565,33600000.0,0.2710539498451134,1,0,2,0,1,0,0
canonical-contact-plan-routing-v1.1,1.1.0,deadline-aware,edf,1.0,0.75,0.75,0.5,20.0,1.25,4,3,1,3,1,0.75,1.0,0.75,392.6706259906064,433.4180575797985,123960562.16557565,33600000.0,0.2710539498451134,1,0,2,0,1,0,0
canonical-contact-plan-routing-v1.1,1.1.0,next-contact,edf,1.0,0.75,1.0,0.5,20.0,1.25,4,3,1,3,1,0.75,1.0,0.75,397.31070585975385,433.4180575797985,123960562.16557565,33600000.0,0.2710539498451134,3,0,0,0,1,0,0
canonical-contact-plan-routing-v1.1,1.1.0,earliest-arrival,edf,1.0,0.75,1.0,0.5,20.0,1.25,4,3,1,3,1,0.75,1.0,0.75,392.6706259906064,433.4180575797985,123960562.16557565,33600000.0,0.2710539498451134,1,0,2,0,1,0,0
canonical-contact-plan-routing-v1.1,1.1.0,deadline-aware,edf,1.0,0.75,1.0,0.5,20.0,1.25,4,3,1,3,1,0.75,1.0,0.75,392.6706259906064,433.4180575797985,123960562.16557565,33600000.0,0.2710539498451134,1,0,2,0,1,0,0
canonical-contact-plan-routing-v1.1,1.1.0,next-contact,edf,1.0,0.75,1.5,0.5,20.0,1.25,4,3,1,3,1,0.75,1.0,0.75,397.31070585975385,433.4180575797985,123960562.16557565,33600000.0,0.2710539498451134,3,0,0,0,1,0,0
canonical-contact-plan-routing-v1.1,1.1.0,earliest-arrival,edf,1.0,0.75,1.5,0.5,20.0,1.25,4,3,1,3,1,0.75,1.0,0.75,392.6706259906064,433.4180575797985,123960562.16557565,33600000.0,0.2710539498451134,1,0,2,0,1,0,0
canonical-contact-plan-routing-v1.1,1.1.0,deadline-aware,edf,1.0,0.75,1.5,0.5,20.0,1.25,4,3,1,3,1,0.75,1.0,0.75,392.6706259906064,433.4180575797985,123960562.16557565,33600000.0,0.2710539498451134,1,0,2,0,1,0,0
canonical-contact-plan-routing-v1.1,1.1.0,next-contact,edf,1.0,1.0,0.75,0.5,20.0,1.25,4,3,1,3,1,0.75,1.0,0.75,424.513625963891,455.6746572851326,123960562.16557565,44800000.0,0.36140526646015114,2,0,1,0,1,0,0
canonical-contact-plan-routing-v1.1,1.1.0,earliest-arrival,edf,1.0,1.0,0.75,0.5,20.0,1.25,4,3,1,3,1,0.75,1.0,0.75,422.095693844329,455.6746572851326,123960562.16557565,44800000.0,0.36140526646015114,1,0,2,0,1,0,0
canonical-contact-plan-routing-v1.1,1.1.0,deadline-aware,edf,1.0,1.0,0.75,0.5,20.0,1.25,4,3,1,3,1,0.75,1.0,0.75,422.095693844329,455.6746572851326,123960562.16557565,44800000.0,0.36140526646015114,1,0,2,0,1,0,0
canonical-contact-plan-routing-v1.1,1.1.0,next-contact,edf,1.0,1.0,1.0,0.5,20.0,1.25,4,3,1,3,1,0.75,1.0,0.75,424.513625963891,455.6746572851326,123960562.16557565,44800000.0,0.36140526646015114,2,0,1,0,1,0,0
canonical-contact-plan-routing-v1.1,1.1.0,earliest-arrival,edf,1.0,1.0,1.0,0.5,20.0,1.25,4,3,1,3,1,0.75,1.0,0.75,422.095693844329,455.6746572851326,123960562.16557565,44800000.0,0.36140526646015114,1,0,2,0,1,0,0
canonical-contact-plan-routing-v1.1,1.1.0,deadline-aware,edf,1.0,1.0,1.0,0.5,20.0,1.25,4,3,1,3,1,0.75,1.0,0.75,422.095693844329,455.6746572851326,123960562.16557565,44800000.0,0.36140526646015114,1,0,2,0,1,0,0
canonical-contact-plan-routing-v1.1,1.1.0,next-contact,edf,1.0,1.0,1.5,0.5,20.0,1.25,4,3,1,3,1,0.75,1.0,0.75,424.513625963891,455.6746572851326,123960562.16557565,44800000.0,0.36140526646015114,2,0,1,0,1,0,0
canonical-contact-plan-routing-v1.1,1.1.0,earliest-arrival,edf,1.0,1.0,1.5,0.5,20.0,1.25,4,3,1,3,1,0.75,1.0,0.75,422.095693844329,455.6746572851326,123960562.16557565,44800000.0,0.36140526646015114,1,0,2,0,1,0,0
canonical-contact-plan-routing-v1.1,1.1.0,deadline-aware,edf,1.0,1.0,1.5,0.5,20.0,1.25,4,3,1,3,1,0.75,1.0,0.75,422.095693844329,455.6746572851326,123960562.16557565,44800000.0,0.36140526646015114,1,0,2,0,1,0,0
canonical-contact-plan-routing-v1.1,1.1.0,next-contact,edf,1.0,1.25,0.75,0.5,20.0,1.25,4,3,1,3,1,0.75,1.0,0.75,459.67189351599336,477.597906384367,123960562.16557565,56000000.0,0.45175658307518896,2,0,1,0,1,0,0
canonical-contact-plan-routing-v1.1,1.1.0,earliest-arrival,edf,1.0,1.25,0.75,0.5,20.0,1.25,4,3,1,3,1,0.75,1.0,0.75,455.5711841389625,477.597906384367,123960562.16557565,56000000.0,0.45175658307518896,1,0,2,0,1,0,0
canonical-contact-plan-routing-v1.1,1.1.0,deadline-aware,edf,1.0,1.25,0.75,0.5,20.0,1.25,4,3,1,3,1,0.75,1.0,0.75,455.5711841389625,477.597906384367,123960562.16557565,56000000.0,0.45175658307518896,1,0,2,0,1,0,0
canonical-contact-plan-routing-v1.1,1.1.0,next-contact,edf,1.0,1.25,1.0,0.5,20.0,1.25,4,3,1,3,1,0.75,1.0,0.75,459.67189351599336,477.597906384367,123960562.16557565,56000000.0,0.45175658307518896,2,0,1,0,1,0,0
canonical-contact-plan-routing-v1.1,1.1.0,earliest-arrival,edf,1.0,1.25,1.0,0.5,20.0,1.25,4,3,1,3,1,0.75,1.0,0.75,455.5711841389625,477.597906384367,123960562.16557565,56000000.0,0.45175658307518896,1,0,2,0,1,0,0
canonical-contact-plan-routing-v1.1,1.1.0,deadline-aware,edf,1.0,1.25,1.0,0.5,20.0,1.25,4,3,1,3,1,0.75,1.0,0.75,455.5711841389625,477.597906384367,123960562.16557565,56000000.0,0.45175658307518896,1,0,2,0,1,0,0
canonical-contact-plan-routing-v1.1,1.1.0,next-contact,edf,1.0,1.25,1.5,0.5,20.0,1.25,4,3,1,3,1,0.75,1.0,0.75,459.67189351599336,477.597906384367,123960562.16557565,56000000.0,0.45175658307518896,2,0,1,0,1,0,0
canonical-contact-plan-routing-v1.1,1.1.0,earliest-arrival,edf,1.0,1.25,1.5,0.5,20.0,1.25,4,3,1,3,1,0.75,1.0,0.75,455.5711841389625,477.597906384367,123960562.16557565,56000000.0,0.45175658307518896,1,0,2,0,1,0,0
canonical-contact-plan-routing-v1.1,1.1.0,deadline-aware,edf,1.0,1.25,1.5,0.5,20.0,1.25,4,3,1,3,1,0.75,1.0,0.75,455.5711841389625,477.597906384367,123960562.16557565,56000000.0,0.45175658307518896,1,0,2,0,1,0,0
canonical-contact-plan-routing-v1.1,1.1.0,next-contact,edf,1.0,0.75,0.75,1.5,20.0,1.25,4,3,1,3,1,0.75,1.0,0.75,442.31070585975385,478.4180575797985,123960562.16557565,33600000.0,0.2710539498451134,3,0,0,0,1,0,0
canonical-contact-plan-routing-v1.1,1.1.0,earliest-arrival,edf,1.0,0.75,0.75,1.5,20.0,1.25,4,3,1,3,1,0.75,1.0,0.75,411.0039593239398,478.4180575797985,123960562.16557565,33600000.0,0.2710539498451134,1,0,2,0,1,0,0
canonical-contact-plan-routing-v1.1,1.1.0,deadline-aware,edf,1.0,0.75,0.75,1.5,20.0,1.25,4,3,1,3,1,0.75,1.0,0.75,411.0039593239398,478.4180575797985,123960562.16557565,33600000.0,0.2710539498451134,1,0,2,0,1,0,0
canonical-contact-plan-routing-v1.1,1.1.0,next-contact,edf,1.0,0.75,1.0,1.5,20.0,1.25,4,3,1,3,1,0.75,1.0,0.75,442.31070585975385,478.4180575797985,123960562.16557565,33600000.0,0.2710539498451134,3,0,0,0,1,0,0
canonical-contact-plan-routing-v1.1,1.1.0,earliest-arrival,edf,1.0,0.75,1.0,1.5,20.0,1.25,4,3,1,3,1,0.75,1.0,0.75,411.0039593239398,478.4180575797985,123960562.16557565,33600000.0,0.2710539498451134,1,0,2,0,1,0,0
canonical-contact-plan-routing-v1.1,1.1.0,deadline-aware,edf,1.0,0.75,1.0,1.5,20.0,1.25,4,3,1,3,1,0.75,1.0,0.75,411.0039593239398,478.4180575797985,123960562.16557565,33600000.0,0.2710539498451134,1,0,2,0,1,0,0
canonical-contact-plan-routing-v1.1,1.1.0,next-contact,edf,1.0,0.75,1.5,1.5,20.0,1.25,4,3,1,3,1,0.75,1.0,0.75,442.31070585975385,478.4180575797985,123960562.16557565,33600000.0,0.2710539498451134,3,0,0,0,1,0,0
canonical-contact-plan-routing-v1.1,1.1.0,earliest-arrival,edf,1.0,0.75,1.5,1.5,20.0,1.25,4,3,1,3,1,0.75,1.0,0.75,411.0039593239398,478.4180575797985,123960562.16557565,33600000.0,0.2710539498451134,1,0,2,0,1,0,0
canonical-contact-plan-routing-v1.1,1.1.0,deadline-aware,edf,1.0,0.75,1.5,1.5,20.0,1.25,4,3,1,3,1,0.75,1.0,0.75,411.0039593239398,478.4180575797985,123960562.16557565,33600000.0,0.2710539498451134,1,0,2,0,1,0,0
canonical-contact-plan-routing-v1.1,1.1.0,next-contact,edf,1.0,1.0,0.75,1.5,20.0,1.25,4,3,1,3,1,0.75,1.0,0.75,456.1802926305577,500.6746572851326,123960562.16557565,44800000.0,0.36140526646015114,2,0,1,0,1,0,0
canonical-contact-plan-routing-v1.1,1.1.0,earliest-arrival,edf,1.0,1.0,0.75,1.5,20.0,1.25,4,3,1,3,1,0.75,1.0,0.75,440.42902717766236,500.6746572851326,123960562.16557565,44800000.0,0.36140526646015114,1,0,2,0,1,0,0
canonical-contact-plan-routing-v1.1,1.1.0,deadline-aware,edf,1.0,1.0,0.75,1.5,20.0,1.25,4,3,1,3,1,0.75,1.0,0.75,440.42902717766236,500.6746572851326,123960562.16557565,44800000.0,0.36140526646015114,1,0,2,0,1,0,0
canonical-contact-plan-routing-v1.1,1.1.0,next-contact,edf,1.0,1.0,1.0,1.5,20.0,1.25,4,3,1,3,1,0.75,1.0,0.75,456.1802926305577,500.6746572851326,123960562.16557565,44800000.0,0.36140526646015114,2,0,1,0,1,0,0
canonical-contact-plan-routing-v1.1,1.1.0,earliest-arrival,edf,1.0,1.0,1.0,1.5,20.0,1.25,4,3,1,3,1,0.75,1.0,0.75,440.42902717766236,500.6746572851326,123960562.16557565,44800000.0,0.36140526646015114,1,0,2,0,1,0,0
canonical-contact-plan-routing-v1.1,1.1.0,deadline-aware,edf,1.0,1.0,1.0,1.5,20.0,1.25,4,3,1,3,1,0.75,1.0,0.75,440.42902717766236,500.6746572851326,123960562.16557565,44800000.0,0.36140526646015114,1,0,2,0,1,0,0
canonical-contact-plan-routing-v1.1,1.1.0,next-contact,edf,1.0,1.0,1.5,1.5,20.0,1.25,4,3,1,3,1,0.75,1.0,0.75,456.1802926305577,500.6746572851326,123960562.16557565,44800000.0,0.36140526646015114,2,0,1,0,1,0,0
canonical-contact-plan-routing-v1.1,1.1.0,earliest-arrival,edf,1.0,1.0,1.5,1.5,20.0,1.25,4,3,1,3,1,0.75,1.0,0.75,440.42902717766236,500.6746572851326,123960562.16557565,44800000.0,0.36140526646015114,1,0,2,0,1,0,0
canonical-contact-plan-routing-v1.1,1.1.0,deadline-aware,edf,1.0,1.0,1.5,1.5,20.0,1.25,4,3,1,3,1,0.75,1.0,0.75,440.42902717766236,500.6746572851326,123960562.16557565,44800000.0,0.36140526646015114,1,0,2,0,1,0,0
canonical-contact-plan-routing-v1.1,1.1.0,next-contact,edf,1.0,1.25,0.75,1.5,20.0,1.25,4,3,1,3,1,0.75,1.0,0.75,491.33856018266005,522.597906384367,123960562.16557565,56000000.0,0.45175658307518896,2,0,1,0,1,0,0
canonical-contact-plan-routing-v1.1,1.1.0,earliest-arrival,edf,1.0,1.25,0.75,1.5,20.0,1.25,4,3,1,3,1,0.75,1.0,0.75,473.9045174722958,522.597906384367,123960562.16557565,56000000.0,0.45175658307518896,1,0,2,0,1,0,0
canonical-contact-plan-routing-v1.1,1.1.0,deadline-aware,edf,1.0,1.25,0.75,1.5,20.0,1.25,4,3,1,3,1,0.75,1.0,0.75,473.9045174722958,522.597906384367,123960562.16557565,56000000.0,0.45175658307518896,1,0,2,0,1,0,0
canonical-contact-plan-routing-v1.1,1.1.0,next-contact,edf,1.0,1.25,1.0,1.5,20.0,1.25,4,3,1,3,1,0.75,1.0,0.75,491.33856018266005,522.597906384367,123960562.16557565,56000000.0,0.45175658307518896,2,0,1,0,1,0,0
canonical-contact-plan-routing-v1.1,1.1.0,earliest-arrival,edf,1.0,1.25,1.0,1.5,20.0,1.25,4,3,1,3,1,0.75,1.0,0.75,473.9045174722958,522.597906384367,123960562.16557565,56000000.0,0.45175658307518896,1,0,2,0,1,0,0
canonical-contact-plan-routing-v1.1,1.1.0,deadline-aware,edf,1.0,1.25,1.0,1.5,20.0,1.25,4,3,1,3,1,0.75,1.0,0.75,473.9045174722958,522.597906384367,123960562.16557565,56000000.0,0.45175658307518896,1,0,2,0,1,0,0
canonical-contact-plan-routing-v1.1,1.1.0,next-contact,edf,1.0,1.25,1.5,1.5,20.0,1.25,4,3,1,3,1,0.75,1.0,0.75,491.33856018266005,522.597906384367,123960562.16557565,56000000.0,0.45175658307518896,2,0,1,0,1,0,0
canonical-contact-plan-routing-v1.1,1.1.0,earliest-arrival,edf,1.0,1.25,1.5,1.5,20.0,1.25,4,3,1,3,1,0.75,1.0,0.75,473.9045174722958,522.597906384367,123960562.16557565,56000000.0,0.45175658307518896,1,0,2,0,1,0,0
canonical-contact-plan-routing-v1.1,1.1.0,deadline-aware,edf,1.0,1.25,1.5,1.5,20.0,1.25,4,3,1,3,1,0.75,1.0,0.75,473.9045174722958,522.597906384367,123960562.16557565,56000000.0,0.45175658307518896,1,0,2,0,1,0,0
